{
  "version": 1,
  "author": "Anonymous maker",
  "editor": "wokwi",
  "parts": [
    { "type": "wokwi-arduino-uno", "id": "uno", "top": 77.4, "left": -154.2, "attrs": {} },
    {
      "type": "wokwi-7segment",
      "id": "sevseg1",
      "top": -14.22,
      "left": 168.28,
      "attrs": { "common": "cathode", "color": "#00ff00" }
    }
  ],
  "connections": [
    [ "sevseg1:A", "uno:2", "green", [ "v-56.76", "h-105.6" ] ],
    [ "sevseg1:B", "uno:3", "green", [ "v-18.36", "h-144" ] ],
    [ "sevseg1:C", "uno:4", "green", [ "v9.6", "h-96", "v-19.2", "h-38.4", "v38.4" ] ],
    [ "sevseg1:D", "uno:5", "green", [ "v19.2", "h-57.6", "v-57.6", "h-67.2" ] ],
    [ "sevseg1:E", "uno:6", "green", [ "v0", "h-28.8", "v-57.6", "h-96" ] ],
    [ "sevseg1:F", "uno:7", "green", [ "v-8.76", "h-153.6" ] ],
    [ "sevseg1:G", "uno:8", "green", [ "v-37.56", "h-19.2" ] ],
    [ "sevseg1:DP", "uno:9", "green", [ "v124.8", "h-201.6" ] ],
    [ "sevseg1:COM.2", "uno:GND.1", "green", [ "h0", "v-75.96", "h-211.2" ] ]
  ],
  "dependencies": {}
}